{"Index": "IXIC", "Date": "1982-07-12", "Open": 168.850006, "High": 168.850006, "Low": 168.850006, "Close": 168.850006, "Adj_Close": 168.850006, "Volume": 0.0, "CloseUSD": 168.850006}